서울특별시 서울특별시 종로구 (1111000000),"66,277","66,277",191,234,258,237,276,267,323,367,421,376,373,504,422,475,429,465,547,497,454,573,597,643,798,"1,009","1,033","1,053","1,186","1,259","1,274","1,246","1,260","1,164","1,157","1,018",887,849,815,772,817,811,949,921,969,938,924,842,810,898,896,991,"1,078","1,146","1,339","1,204","1,208","1,186","1,128","1,050","1,088","1,128","1,069","1,177","1,172","1,106","1,054",974,986,877,932,795,668,731,486,482,515,505,555,436,370,398,365,457,363,310,287,245,181,186,136,114,88,67,47,30,23,18,11,11,5,6,9,"71,283","71,283",183,220,214,232,283,265,323,352,411,424,408,465,457,515,452,483,532,492,456,674,721,857,939,"1,170","1,271","1,252","1,301","1,240","1,317","1,220","1,164","1,198","1,088",980,898,842,894,807,861,824,908,"1,008","1,026","1,027",992,861,975,915,967,"1,099","1,148","1,186","1,222","1,305","1,247","1,233","1,220","1,038","1,115","1,088","1,046","1,080","1,109","1,238","1,040",991,970,931,930,850,675,760,553,593,665,636,679,576,510,563,529,591,540,404,448,378,325,273,253,208,138,127,93,77,61,60,36,30,12,10,30
서울특별시 서울특별시 중구 (1114000000),"57,829","57,829",242,283,289,287,272,263,275,324,332,296,306,339,273,293,259,282,319,319,279,394,398,473,593,787,765,803,881,963,"1,058","1,166","1,177","1,230","1,195","1,043","1,063","1,012",983,909,937,845,941,896,955,908,847,791,721,739,775,813,834,859,971,979,"1,037",962,975,892,893,927,899,968,963,971,938,850,898,853,820,774,575,627,470,503,498,492,482,360,329,333,325,377,310,227,232,176,129,129,101,67,51,48,38,21,22,22,11,5,4,3,6,"61,933","61,933",243,248,296,251,264,265,289,305,284,280,319,291,281,274,239,283,347,273,299,415,565,557,691,886,938,"1,080","1,172","1,147","1,211","1,240","1,282","1,290","1,184","1,066",988,"1,055",917,871,891,835,957,926,872,872,842,670,763,687,706,823,891,922,997,"1,050",950,"1,017",933,748,900,961,873,940,950,"1,054",917,903,905,843,887,764,662,710,505,565,586,560,615,551,454,487,436,528,489,369,340,331,266,265,230,179,172,119,96,69,71,45,45,20,6,8,19
서울특별시 서울특별시 용산구 (1117000000),"100,186","100,186",454,489,529,517,583,557,564,596,648,649,623,692,650,668,641,645,724,701,681,832,825,860,"1,010","1,245","1,200","1,365","1,498","1,680","1,849","2,034","2,084","2,191","2,084","2,026","1,804","1,724","1,615","1,572","1,627","1,620","1,643","1,692","1,702","1,686","1,509","1,347","1,404","1,277","1,350","1,522","1,552","1,636","1,834","1,745","1,751","1,710","1,556","1,439","1,501","1,499","1,485","1,585","1,594","1,544","1,471","1,358","1,387","1,239","1,181","1,109",909,887,662,713,705,763,647,537,486,476,467,558,489,368,335,295,262,223,169,152,106,80,73,45,36,30,12,7,8,10,12,"108,601","108,601",441,528,476,496,503,561,523,610,619,615,608,634,567,630,597,661,706,652,660,862,972,"1,047","1,245","1,509","1,533","1,618","1,856","1,933","2,121","2,161","2,186","2,219","2,150","1,986","1,817","1,719","1,708","1,632","1,649","1,545","1,596","1,731","1,610","1,690","1,585","1,339","1,433","1,420","1,449","1,572","1,626","1,863","1,949","1,854","1,808","1,751","1,684","1,423","1,567","1,529","1,523","1,579","1,597","1,621","1,596","1,429","1,476","1,286","1,353","1,151","1,008","1,100",771,852,875,833,944,759,697,707,663,798,689,559,594,528,503,429,347,290,232,188,151,107,92,93,49,30,16,11,41
서울특별시 서울특별시 성동구 (1120000000),"133,265","133,265",710,807,817,870,894,864,882,972,908,919,894,858,825,799,791,848,963,865,883,"1,127","1,148","1,195","1,517","2,039","2,029","2,184","2,226","2,351","2,511","2,487","2,432","2,431","2,403","2,270","2,128","2,129","2,067","2,177","2,100","2,120","2,224","2,375","2,285","2,201","2,054","1,757","1,832","1,883","1,769","1,880","2,114","2,124","2,248","2,366","2,259","2,270","2,071","1,975","2,069","2,030","1,957","2,113","2,154","2,229","1,965","1,908","1,758","1,610","1,578","1,401","1,170","1,228",867,980,963,874,950,761,599,679,615,748,567,438,409,341,279,239,170,133,113,73,42,30,34,25,15,6,3,3,12,"141,628","141,628",695,718,791,764,771,821,848,886,920,923,865,933,792,759,769,872,951,874,879,"1,179","1,474","1,531","1,679","2,117","2,133","2,265","2,461","2,390","2,497","2,414","2,528","2,519","2,481","2,435","2,292","2,296","2,318","2,137","2,107","2,099","2,157","2,265","2,200","2,100","2,054","1,760","1,844","1,811","1,906","2,062","2,180","2,219","2,501","2,388","2,390","2,314","2,196","1,869","2,181","2,068","1,918","2,156","2,147","2,248","2,103","1,894","1,879","1,815","1,756","1,586","1,335","1,372","1,019","1,149","1,173","1,111","1,190","1,094",898,875,881,"1,008",804,739,649,556,541,479,362,303,220,185,146,105,91,67,49,25,17,8,27
서울특별시 서울특별시 광진구 (1121500000),"159,818","159,818",579,605,640,623,713,736,799,927,"1,061","1,033","1,098","1,176","1,112","1,215","1,150","1,187","1,292","1,210","1,177","1,348","1,533","1,480","1,976","2,606","2,796","3,041","3,157","3,370","3,606","3,579","3,510","3,444","3,269","2,860","2,662","2,513","2,345","2,213","2,286","2,123","2,317","2,441","2,434","2,417","2,362","2,086","2,262","2,155","2,349","2,383","2,540","2,615","2,728","2,672","2,575","2,721","2,463","2,358","2,395","2,442","2,192","2,488","2,389","2,472","2,346","2,117","2,111","1,813","1,888","1,665","1,384","1,523",998,"1,101","1,120","1,090","1,084",930,723,780,687,775,660,530,492,394,323,243,187,147,115,84,59,44,25,24,22,6,6,4,12,"172,976","172,976",550,587,611,645,674,759,717,915,959,958,"1,001","1,156","1,114","1,113","1,075","1,140","1,337","1,244","1,141","1,445","1,814","1,888","2,344","3,076","3,216","3,617","3,762","3,922","3,895","3,855","3,482","3,548","3,233","2,763","2,609","2,436","2,397","2,283","2,368","2,176","2,434","2,594","2,589","2,538","2,501","2,119","2,319","2,313","2,321","2,534","2,642","2,767","2,860","2,889","2,892","2,817","2,693","2,487","2,504","2,470","2,279","2,512","2,660","2,748","2,534","2,436","2,237","2,118","2,218","1,824","1,554","1,802","1,240","1,273","1,246","1,356","1,367","1,116",891,896,930,"1,018",879,706,666,605,500,465,407,330,252,201,160,98,108,80,59,22,25,20,30
서울특별시 서울특별시 동대문구 (1123000000),"165,909","165,909",713,754,796,840,883,897,"1,021","1,094","1,148","1,094","1,068","1,191","1,110","1,151","1,026","1,063","1,268","1,073","1,082","1,423","1,624","1,643","2,221","2,896","2,916","3,090","3,127","3,059","3,117","3,113","2,999","2,887","2,853","2,537","2,434","2,311","2,397","2,313","2,244","2,319","2,576","2,646","2,667","2,647","2,505","2,319","2,262","2,202","2,399","2,523","2,527","2,683","2,808","2,806","2,774","2,642","2,449","2,512","2,503","2,431","2,314","2,516","2,601","2,652","2,481","2,364","2,296","2,076","2,172","1,923","1,662","1,743","1,187","1,353","1,312","1,250","1,323","1,090",936,889,903,"1,038",835,621,584,471,402,317,260,213,124,104,59,46,43,31,13,5,7,7,10,"172,668","172,668",651,759,739,831,935,907,922,"1,035","1,099","1,052","1,023","1,131","1,027","1,041","1,000","1,100","1,124","1,052","1,009","1,591","2,156","2,431","2,927","3,409","3,303","3,193","3,261","3,044","3,039","2,925","2,800","2,747","2,632","2,419","2,287","2,283","2,176","2,172","2,242","2,134","2,436","2,572","2,573","2,397","2,424","2,069","2,183","2,145","2,205","2,356","2,580","2,651","2,697","2,798","2,739","2,691","2,509","2,323","2,376","2,463","2,268","2,496","2,689","2,788","2,675","2,432","2,551","2,245","2,413","2,129","1,753","2,068","1,466","1,510","1,530","1,686","1,670","1,407","1,226","1,212","1,214","1,413","1,146",939,838,788,638,573,462,420,295,233,180,143,115,79,64,38,22,15,44
서울특별시 서울특별시 중랑구 (1126000000),"186,226","186,226",851,873,800,843,897,"1,006",946,"1,167","1,200","1,099","1,142","1,293","1,214","1,165","1,109","1,153","1,287","1,339","1,200","1,351","1,465","1,529","1,804","2,186","2,164","2,536","2,772","2,842","3,171","3,372","3,336","3,462","3,299","2,941","2,920","2,821","2,666","2,629","2,648","2,569","2,775","2,911","3,051","3,010","2,958","2,434","2,551","2,477","2,507","2,756","2,948","3,031","3,294","3,241","3,230","3,266","3,096","3,156","3,131","3,203","2,989","3,330","3,514","3,446","3,364","3,011","2,944","2,668","2,698","2,511","1,988","2,126","1,509","1,643","1,564","1,539","1,500","1,307","1,015","1,005",984,"1,094",943,654,623,511,437,347,240,184,125,111,56,39,37,23,24,14,6,2,8,"194,076","194,076",828,877,846,762,892,891,"1,010","1,067","1,085","1,057","1,090","1,142","1,115","1,119","1,092","1,175","1,195","1,161","1,142","1,414","1,572","1,643","1,952","2,391","2,642","2,651","3,058","3,192","3,380","3,432","3,425","3,454","3,264","2,902","2,696","2,615","2,564","2,461","2,490","2,422","2,496","2,776","2,730","2,720","2,626","2,236","2,325","2,227","2,493","2,637","2,971","3,012","3,215","3,328","3,380","3,583","3,453","3,127","3,265","3,251","3,107","3,518","3,674","3,814","3,533","3,213","3,110","2,941","3,041","2,676","2,225","2,381","1,739","1,809","1,921","1,863","1,911","1,601","1,270","1,325","1,301","1,515","1,227",973,953,805,640,582,518,424,351,265,198,182,121,116,72,45,34,24,41
서울특별시 서울특별시 성북구 (1129000000),"202,361","202,361",871,956,"1,042",990,"1,138","1,241","1,329","1,480","1,614","1,572","1,576","1,738","1,712","1,699","1,622","1,735","1,942","1,748","1,733","2,182","2,264","2,268","2,832","3,389","3,345","3,201","3,361","3,232","3,147","3,146","3,205","3,164","2,967","2,714","2,757","2,634","2,553","2,554","2,690","2,684","3,081","3,114","3,234","3,204","3,164","2,760","2,826","2,948","3,048","3,375","3,527","3,761","3,947","3,753","3,701","3,606","3,179","3,085","2,965","2,992","2,745","2,930","2,955","3,053","2,862","2,698","2,690","2,389","2,473","2,190","1,847","2,007","1,385","1,527","1,509","1,447","1,498","1,271","1,021","1,068","1,045","1,286","1,049",751,745,571,488,390,319,255,166,120,92,77,51,38,17,16,5,2,16,"219,692","219,692",777,956,940,973,"1,054","1,140","1,200","1,481","1,598","1,520","1,506","1,638","1,630","1,685","1,558","1,615","1,820","1,700","1,616","2,310","2,948","3,143","3,536","3,942","3,626","3,599","3,459","3,336","3,264","3,203","2,942","3,032","2,942","2,715","2,621","2,675","2,736","2,615","2,814","2,643","3,012","3,215","3,284","3,258","3,393","2,832","3,037","3,034","3,252","3,608","3,803","3,853","3,980","3,989","3,742","3,565","3,393","3,009","3,123","3,184","2,872","3,171","3,265","3,603","3,205","3,042","3,050","2,813","2,959","2,510","2,193","2,425","1,672","1,855","2,045","1,980","2,029","1,822","1,389","1,526","1,474","1,697","1,443","1,191","1,121",951,820,692,654,503,352,291,255,208,152,129,100,58,37,25,39
서울특별시 서울특별시 강북구 (1130500000),"137,977","137,977",393,386,489,495,545,631,664,696,778,799,860,981,908,971,933,899,"1,054","1,022",955,"1,084","1,261","1,290","1,495","1,790","1,785","1,884","2,025","2,062","2,218","2,226","2,165","2,215","2,024","1,740","1,801","1,689","1,621","1,623","1,644","1,726","1,870","2,067","2,044","2,185","2,110","1,835","1,906","1,955","1,999","2,283","2,416","2,525","2,680","2,580","2,475","2,530","2,409","2,211","2,316","2,319","2,254","2,406","2,399","2,512","2,428","2,193","2,213","2,000","2,100","1,859","1,498","1,672","1,266","1,303","1,320","1,338","1,337","1,104",910,958,899,"1,106",950,637,569,481,423,364,287,199,134,91,64,50,33,34,14,13,3,1,13,"147,375","147,375",366,430,465,458,475,525,648,697,740,758,804,871,855,884,873,940,956,909,972,"1,254","1,486","1,578","1,822","2,121","2,056","2,105","2,180","2,146","2,184","2,102","1,965","1,962","1,931","1,644","1,512","1,520","1,448","1,439","1,497","1,513","1,637","1,940","1,872","1,874","1,951","1,729","1,858","1,866","2,018","2,241","2,451","2,367","2,655","2,628","2,626","2,664","2,547","2,282","2,470","2,426","2,334","2,526","2,675","2,961","2,735","2,452","2,396","2,303","2,481","2,215","1,857","2,066","1,593","1,719","1,854","1,808","1,875","1,493","1,320","1,380","1,319","1,550","1,306",961,955,800,631,588,473,363,275,216,162,146,133,81,67,29,31,24,29
서울특별시 서울특별시 도봉구 (1132000000),"147,629","147,629",470,539,594,572,678,718,817,892,969,"1,052",966,"1,128","1,093","1,132","1,098","1,169","1,234","1,216","1,102","1,343","1,418","1,392","1,648","1,837","1,805","1,923","2,103","2,018","2,159","2,206","2,245","2,192","2,121","1,927","1,825","1,726","1,726","1,762","1,815","1,857","2,062","2,171","2,211","2,183","2,170","1,833","1,975","2,054","2,023","2,373","2,395","2,554","2,802","2,738","2,554","2,697","2,440","2,510","2,434","2,454","2,459","2,577","2,584","2,860","2,599","2,464","2,554","2,261","2,340","2,087","1,690","1,875","1,341","1,405","1,334","1,385","1,374","1,109",904,926,918,"1,055",906,669,614,529,390,318,274,178,154,108,70,50,45,28,33,16,8,4,14,"157,139","157,139",452,507,548,527,627,640,762,813,939,969,928,"1,045","1,033","1,063","1,004","1,051","1,200","1,075","1,077","1,234","1,440","1,482","1,608","1,896","1,993","1,938","2,088","2,017","2,138","2,090","2,065","2,080","1,996","1,802","1,711","1,723","1,627","1,670","1,772","1,720","1,881","2,108","2,176","2,139","2,158","1,804","2,015","2,076","2,245","2,365","2,620","2,652","2,951","2,965","2,889","3,051","2,876","2,592","2,784","2,740","2,468","2,914","3,030","3,252","3,062","2,816","2,748","2,588","2,680","2,264","1,896","2,090","1,488","1,586","1,582","1,579","1,658","1,405","1,172","1,193","1,229","1,420","1,193",946,959,822,689,600,523,382,349,309,204,147,147,112,64,50,25,16,45
서울특별시 서울특별시 노원구 (1135000000),"237,453","237,453","1,086","1,077","1,102","1,118","1,174","1,216","1,400","1,625","1,870","1,870","1,950","2,219","2,230","2,343","2,292","2,570","2,745","2,476","2,490","2,870","2,957","2,726","3,245","4,016","3,712","3,541","3,437","3,214","3,302","3,205","3,285","3,374","3,248","3,008","3,035","3,003","2,893","2,856","2,808","2,930","3,219","3,460","3,595","3,616","3,616","3,306","3,471","3,535","3,640","4,138","4,288","4,441","4,575","4,647","4,404","4,322","3,748","3,756","3,593","3,590","3,297","3,719","3,769","3,798","3,463","3,391","3,318","3,006","3,025","2,820","2,336","2,494","1,735","1,858","1,844","1,708","1,738","1,426","1,161","1,162","1,153","1,311",998,827,721,618,534,416,329,264,201,152,107,90,63,39,32,18,9,8,17,"257,454","257,454",895,"1,037",992,998,"1,072","1,159","1,364","1,601","1,771","1,802","1,756","2,019","2,146","2,218","2,103","2,343","2,497","2,333","2,329","2,790","3,036","2,986","3,391","3,664","3,296","3,333","3,246","3,131","3,228","3,179","3,154","3,361","3,328","3,067","2,947","2,895","2,723","2,898","2,859","2,943","3,398","3,660","3,854","3,899","4,102","3,470","4,003","3,939","4,161","4,527","4,767","4,719","5,149","4,902","4,569","4,624","4,286","3,732","3,969","3,836","3,706","4,093","4,182","4,461","4,193","3,938","3,884","3,572","3,816","3,173","2,675","2,960","2,093","2,283","2,324","2,225","2,357","2,034","1,618","1,675","1,667","2,009","1,665","1,293","1,298","1,183","1,034",871,823,656,525,440,304,270,212,146,123,73,43,35,66
서울특별시 서울특별시 은평구 (1138000000),"219,994","219,994",882,"1,055","1,042","1,077","1,147","1,161","1,285","1,500","1,575","1,564","1,583","1,752","1,680","1,819","1,679","1,807","2,020","1,910","1,839","1,994","2,201","2,157","2,358","2,773","2,810","2,850","3,091","3,211","3,467","3,693","3,584","3,747","3,609","3,314","3,189","3,013","2,922","2,873","2,983","2,948","3,458","3,524","3,762","3,568","3,472","3,007","3,276","3,232","3,328","3,685","3,882","4,007","4,147","3,948","3,894","3,874","3,391","3,410","3,194","3,406","3,095","3,491","3,485","3,629","3,503","3,124","3,020","2,858","2,851","2,489","2,117","2,301","1,679","1,803","1,770","1,782","1,824","1,525","1,250","1,224","1,129","1,445","1,223",898,846,698,554,477,383,267,199,129,85,54,66,37,24,7,6,7,11,"243,387","243,387",834,961,973,"1,040","1,035","1,202","1,279","1,405","1,559","1,513","1,488","1,712","1,619","1,716","1,634","1,721","1,861","1,844","1,663","1,961","2,153","2,280","2,483","3,099","3,290","3,411","3,902","4,028","4,058","4,083","4,044","3,993","3,830","3,481","3,120","3,175","3,037","3,062","3,019","3,007","3,354","3,575","3,629","3,630","3,681","3,092","3,396","3,329","3,537","3,935","4,152","4,119","4,416","4,283","4,155","4,099","3,901","3,495","3,724","3,664","3,501","3,763","4,032","4,227","3,934","3,639","3,660","3,293","3,478","3,130","2,674","2,872","2,099","2,275","2,399","2,292","2,431","2,035","1,661","1,736","1,725","1,962","1,549","1,287","1,228","1,095",918,874,668,537,416,316,261,187,141,99,103,50,37,25,37
서울특별시 서울특별시 서대문구 (1141000000),"143,966","143,966",651,752,792,746,820,913,943,"1,042","1,118","1,107","1,038","1,138","1,002","1,145","1,019","1,065","1,082","1,149","1,030","1,291","1,443","1,515","1,810","2,211","2,411","2,410","2,525","2,694","2,647","2,643","2,565","2,508","2,492","2,142","2,118","1,974","2,015","2,043","2,074","1,960","2,217","2,358","2,359","2,264","2,163","1,940","2,013","1,967","2,074","2,258","2,215","2,461","2,631","2,549","2,482","2,357","2,190","2,169","2,193","2,037","1,978","2,137","2,167","2,174","2,064","1,975","1,892","1,632","1,763","1,498","1,293","1,342",960,"1,046","1,016",968,"1,069",942,760,737,703,929,749,531,570,473,372,324,282,200,130,108,68,55,44,31,12,13,6,1,12,"159,286","159,286",629,677,709,777,744,826,905,"1,041","1,066","1,134","1,038","1,083","1,046","1,031","1,028","1,031","1,108","1,111","1,070","1,464","1,832","2,035","2,467","2,821","2,727","2,807","2,881","2,779","2,721","2,645","2,611","2,467","2,512","2,261","2,190","2,169","2,117","2,075","2,086","2,133","2,168","2,398","2,350","2,301","2,180","1,993","2,158","2,022","2,087","2,365","2,590","2,572","2,669","2,710","2,717","2,573","2,435","2,055","2,327","2,335","2,141","2,291","2,300","2,562","2,273","2,142","2,090","2,018","1,976","1,805","1,494","1,684","1,151","1,371","1,423","1,374","1,532","1,259","1,025","1,063","1,131","1,291","1,086",910,916,719,650,612,499,366,278,259,170,162,128,82,58,47,23,21,45
서울특별시 서울특별시 마포구 (1144000000),"168,341","168,341",796,846,944,906,962,"1,070","1,089","1,298","1,315","1,255","1,155","1,367","1,268","1,334","1,239","1,368","1,429","1,301","1,238","1,450","1,649","1,562","1,941","2,401","2,504","2,698","2,947","3,163","3,335","3,390","3,560","3,498","3,461","3,047","2,851","2,811","2,640","2,714","2,719","2,656","2,881","3,002","3,024","2,723","2,773","2,431","2,486","2,502","2,586","2,800","2,919","2,987","3,089","2,919","2,944","2,716","2,383","2,293","2,367","2,243","2,141","2,228","2,254","2,337","2,112","1,863","1,834","1,673","1,713","1,500","1,196","1,412",913,981,"1,027","1,001","1,024",805,724,796,739,919,702,587,532,414,388,295,260,176,158,122,85,63,39,37,20,13,6,1,6,"192,123","192,123",754,823,910,827,906,982,"1,058","1,247","1,307","1,221","1,126","1,348","1,241","1,279","1,218","1,313","1,452","1,291","1,262","1,632","1,858","2,102","2,544","3,163","3,356","3,615","4,002","4,006","4,153","4,061","3,904","4,044","3,784","3,367","3,120","3,198","3,103","3,095","2,929","2,890","3,072","3,109","3,094","2,924","3,006","2,535","2,804","2,857","2,723","2,971","3,171","3,191","3,222","3,143","2,962","2,893","2,703","2,265","2,490","2,492","2,206","2,348","2,381","2,594","2,330","2,169","2,234","2,033","2,030","1,790","1,560","1,673","1,223","1,366","1,465","1,431","1,478","1,232","1,134","1,125","1,049","1,271","1,015",913,843,710,660,557,506,385,308,257,185,146,129,102,63,35,22,11,36
서울특별시 서울특별시 양천구 (1147000000),"211,182","211,182",722,820,957,987,"1,164","1,256","1,490","1,670","1,900","1,995","2,150","2,405","2,515","2,609","2,413","2,662","2,807","2,414","2,350","2,432","2,329","2,272","2,340","2,651","2,545","2,587","2,825","2,812","2,949","2,923","2,956","2,859","2,889","2,686","2,468","2,325","2,322","2,408","2,588","2,621","2,967","3,222","3,513","3,489","3,604","3,246","3,338","3,554","3,482","3,991","3,800","3,988","4,168","3,967","3,859","3,620","3,425","3,280","3,148","3,248","2,954","3,400","3,249","3,363","3,151","2,892","2,782","2,631","2,634","2,505","2,029","2,187","1,548","1,684","1,625","1,562","1,500","1,222",890,938,841,952,746,561,519,417,353,258,201,162,126,86,58,49,39,33,23,10,3,6,11,"221,792","221,792",706,807,854,915,996,"1,161","1,437","1,590","1,889","1,907","2,017","2,331","2,207","2,439","2,244","2,445","2,503","2,217","2,178","2,188","2,235","2,071","2,266","2,546","2,689","2,662","2,796","2,884","2,905","2,927","2,814","2,869","2,812","2,491","2,480","2,449","2,416","2,524","2,762","2,819","3,246","3,622","3,798","3,899","4,040","3,580","3,893","3,684","3,759","4,041","4,051","4,051","4,074","4,108","3,866","3,815","3,508","3,299","3,415","3,372","3,137","3,438","3,527","3,712","3,482","3,314","3,209","2,939","3,196","2,642","2,267","2,437","1,687","1,782","1,828","1,748","1,716","1,404","1,130","1,190","1,082","1,241","1,008",845,837,706,693,561,480,414,369,306,243,178,155,101,77,37,40,21,44
서울특별시 서울특별시 강서구 (1150000000),"267,982","267,982","1,258","1,273","1,312","1,382","1,493","1,574","1,609","1,897","2,017","1,896","2,036","2,265","2,149","2,105","1,994","2,092","2,354","2,137","2,004","2,255","2,340","2,386","2,595","3,107","3,144","3,452","3,910","4,430","4,917","5,276","5,374","5,572","5,500","5,059","4,764","4,666","4,251","4,288","4,273","4,136","4,579","4,710","4,779","4,603","4,475","3,795","3,980","3,900","3,914","4,238","4,318","4,430","4,325","4,329","4,145","4,088","3,578","3,537","3,580","3,675","3,470","3,922","4,000","4,164","4,091","3,713","3,683","3,301","3,428","2,967","2,670","2,801","1,980","2,163","2,095","2,075","2,034","1,691","1,349","1,324","1,112","1,284","1,000",833,678,571,483,327,344,255,184,134,89,76,66,37,27,14,6,6,15,"291,423","291,423","1,135","1,324","1,301","1,326","1,419","1,438","1,602","1,749","1,942","1,960","1,827","2,168","2,094","1,949","1,799","2,051","2,183","1,983","1,968","2,231","2,443","2,483","2,929","3,763","4,083","4,596","5,343","5,520","5,916","6,000","5,966","5,933","5,745","4,962","4,626","4,552","4,238","4,123","4,059","3,906","4,304","4,545","4,619","4,527","4,528","3,875","4,038","3,883","4,005","4,379","4,416","4,307","4,515","4,435","4,288","4,334","4,043","3,760","4,189","4,164","3,922","4,284","4,710","5,033","4,642","4,320","4,339","4,012","4,171","3,663","3,094","3,338","2,246","2,512","2,495","2,308","2,411","1,899","1,552","1,577","1,458","1,700","1,408","1,260","1,192","1,013",857,798,735,561,461,397,309,249,205,162,113,63,66,35,64
서울특별시 서울특별시 구로구 (1153000000),"191,165","191,165",923,"1,072","1,005","1,057","1,093","1,182","1,136","1,283","1,373","1,312","1,390","1,435","1,369","1,503","1,321","1,401","1,488","1,427","1,427","1,543","1,541","1,682","1,928","2,191","2,216","2,489","2,745","2,960","3,250","3,356","3,368","3,368","3,393","3,199","3,134","3,127","2,972","2,857","2,833","2,791","3,011","3,177","3,227","3,109","3,097","2,683","2,742","2,743","2,702","3,035","3,135","3,235","3,248","3,217","3,033","2,995","2,932","2,817","2,910","2,910","2,699","2,949","3,057","3,170","2,811","2,829","2,682","2,556","2,504","2,283","1,998","2,073","1,605","1,677","1,771","1,705","1,668","1,388","1,060","1,089","1,037","1,134",885,669,613,547,385,326,273,178,123,102,61,46,42,36,13,5,4,5,9,"199,137","199,137",898,952,978,950,"1,009","1,076","1,125","1,203","1,342","1,298","1,316","1,524","1,353","1,385","1,290","1,386","1,498","1,350","1,236","1,455","1,563","1,698","1,838","2,504","2,746","2,880","3,242","3,116","3,339","3,283","3,311","3,453","3,468","3,118","2,961","2,929","2,785","2,674","2,585","2,608","2,818","2,977","2,990","2,996","2,972","2,567","2,675","2,687","2,628","2,986","3,110","3,114","3,236","3,238","3,212","3,310","3,025","2,796","2,985","3,015","2,799","3,172","3,232","3,528","3,343","3,115","3,028","2,802","3,120","2,661","2,401","2,455","1,815","1,941","2,000","1,842","1,886","1,550","1,301","1,307","1,247","1,416","1,124",947,863,769,646,571,469,424,277,245,192,155,134,85,80,48,29,16,40
서울특별시 서울특별시 금천구 (1154500000),"113,583","113,583",459,454,436,444,483,473,528,540,586,587,563,699,606,638,600,613,698,696,657,734,809,922,948,"1,312","1,444","1,742","2,085","2,289","2,584","2,697","2,717","2,715","2,502","2,230","2,041","1,979","1,767","1,720","1,613","1,526","1,670","1,701","1,718","1,633","1,596","1,344","1,479","1,322","1,499","1,626","1,757","1,782","1,899","1,846","1,867","1,936","1,733","1,850","1,919","1,954","1,804","2,042","2,001","2,108","2,015","1,781","1,658","1,502","1,565","1,288","1,125","1,191",916,974,918,913,874,756,626,593,571,645,516,363,376,301,220,171,141,98,66,63,43,36,19,9,11,3,2,4,8,"112,443","112,443",426,443,429,417,454,470,485,526,591,560,533,632,600,631,564,597,680,680,658,757,841,884,"1,117","1,523","1,804","1,975","2,436","2,483","2,549","2,450","2,348","2,258","2,080","1,812","1,595","1,526","1,470","1,325","1,310","1,260","1,363","1,403","1,411","1,376","1,378","1,193","1,296","1,303","1,402","1,498","1,653","1,749","1,799","1,884","1,902","1,896","1,924","1,839","1,926","1,921","1,751","2,022","2,038","2,139","2,003","1,843","1,730","1,607","1,647","1,543","1,266","1,309","1,016","1,062","1,098","1,001","1,084",894,756,737,680,831,676,549,518,426,328,321,301,239,195,137,105,81,59,55,33,19,14,11,24
서울특별시 서울특별시 영등포구 (1156000000),"182,172","182,172","1,034","1,051","1,061","1,045","1,110","1,107","1,151","1,183","1,260","1,242","1,174","1,232","1,101","1,096","1,100","1,156","1,270","1,160","1,151","1,327","1,445","1,403","1,634","1,975","2,199","2,572","3,070","3,404","3,840","4,218","4,186","4,248","4,173","3,650","3,673","3,431","3,206","3,138","3,086","3,009","2,965","3,214","3,090","2,906","2,813","2,380","2,497","2,504","2,381","2,671","2,696","2,811","2,982","2,869","2,907","2,838","2,563","2,577","2,642","2,635","2,434","2,691","2,662","2,675","2,535","2,376","2,321","2,048","2,197","1,892","1,521","1,737","1,281","1,332","1,366","1,305","1,342","1,056",923,885,819,977,765,624,615,497,387,345,317,204,160,104,82,64,34,37,21,7,6,4,12,"189,867","189,867",993,986,"1,021",953,"1,047","1,143","1,104","1,173","1,197","1,147","1,074","1,198","1,095","1,142","1,027","1,096","1,122","1,034","1,080","1,174","1,448","1,514","1,951","2,684","3,083","3,565","3,993","4,178","4,420","4,214","4,321","4,306","4,260","3,648","3,491","3,273","3,115","2,947","2,876","2,718","2,807","2,873","2,862","2,702","2,704","2,273","2,447","2,366","2,389","2,492","2,745","2,760","2,916","2,847","2,849","2,853","2,660","2,417","2,456","2,630","2,289","2,520","2,734","2,903","2,675","2,464","2,473","2,184","2,402","2,127","1,717","1,953","1,415","1,670","1,587","1,530","1,595","1,352","1,044","1,139","1,123","1,301","1,045",825,869,705,662,562,470,388,344,247,191,136,105,89,57,36,21,22,37
서울특별시 서울특별시 동작구 (1159000000),"181,684","181,684",823,818,835,895,975,997,"1,026","1,154","1,365","1,289","1,193","1,367","1,253","1,360","1,177","1,278","1,418","1,288","1,227","1,675","1,753","1,846","2,266","2,932","3,026","3,465","3,598","3,738","3,914","4,009","3,737","3,704","3,476","3,142","2,928","2,863","2,660","2,517","2,669","2,564","2,708","2,873","2,949","2,857","2,820","2,399","2,439","2,637","2,490","2,849","2,758","2,862","3,117","2,943","2,950","2,841","2,549","2,473","2,443","2,524","2,381","2,520","2,507","2,655","2,494","2,297","2,259","2,020","2,218","1,906","1,610","1,767","1,264","1,356","1,377","1,363","1,405","1,168",936,979,965,"1,100",902,667,582,524,415,343,273,197,151,102,76,56,47,38,22,15,6,9,11,"194,112","194,112",761,790,836,819,875,960,"1,066","1,149","1,260","1,238","1,151","1,273","1,184","1,259","1,165","1,152","1,264","1,256","1,278","1,611","2,021","2,175","2,581","3,283","3,418","3,722","3,966","3,971","3,835","3,746","3,613","3,549","3,374","2,981","2,829","2,670","2,651","2,613","2,466","2,499","2,698","2,869","2,865","2,745","2,817","2,406","2,613","2,538","2,660","2,798","2,931","3,039","3,124","3,116","3,065","3,067","2,907","2,539","2,696","2,736","2,582","2,734","2,910","3,075","2,905","2,722","2,653","2,442","2,585","2,244","1,932","2,151","1,676","1,758","1,822","1,753","1,814","1,619","1,251","1,269","1,128","1,318","1,081",929,884,737,671,625,484,427,321,280,184,171,128,100,79,42,30,20,37
서울특별시 서울특별시 관악구 (1162000000),"240,689","240,689",677,661,742,713,784,815,895,951,"1,100","1,073","1,077","1,140","1,174","1,157","1,139","1,256","1,358","1,289","1,315","1,745","2,113","2,216","2,907","3,956","4,584","5,703","6,952","7,528","7,838","7,904","7,471","7,045","6,407","5,423","4,641","4,257","3,859","3,567","3,397","3,202","3,430","3,488","3,595","3,525","3,350","2,887","2,969","2,977","3,083","3,285","3,470","3,521","3,730","3,569","3,469","3,298","3,050","2,983","3,065","3,075","2,849","3,162","3,076","3,222","2,978","2,851","2,706","2,476","2,626","2,245","1,928","2,178","1,738","1,806","1,833","1,727","1,780","1,448","1,196","1,235","1,146","1,428","1,124",838,767,600,491,373,296,224,155,112,72,49,36,23,20,9,4,3,9,"237,824","237,824",644,682,712,715,707,709,780,937,"1,006","1,014","1,012","1,114","1,140","1,101","1,072","1,152","1,293","1,242","1,361","1,828","2,334","2,725","3,601","4,946","5,912","6,806","7,543","7,361","7,090","6,700","6,005","5,698","4,893","4,105","3,647","3,226","3,034","2,858","2,769","2,593","2,885","2,912","3,029","2,889","2,909","2,547","2,642","2,623","2,763","3,016","3,129","3,217","3,401","3,312","3,238","3,382","3,211","2,818","3,078","3,019","2,876","3,290","3,349","3,635","3,499","3,078","3,142","2,937","3,139","2,834","2,440","2,585","2,086","2,150","2,233","2,193","2,214","1,865","1,507","1,573","1,473","1,675","1,424","1,066","1,003",877,722,602,494,411,323,259,185,178,118,107,67,45,20,19,44
서울특별시 서울특별시 서초구 (1165000000),"192,069","192,069",885,997,"1,087","1,136","1,300","1,453","1,568","1,776","1,929","2,029","2,161","2,356","2,370","2,439","2,200","2,395","2,290","2,205","2,037","2,119","2,142","1,956","2,005","2,274","2,216","2,347","2,476","2,655","2,682","2,841","2,819","2,812","2,862","2,656","2,540","2,480","2,473","2,389","2,482","2,619","2,953","3,164","3,338","3,401","3,491","3,060","3,314","3,274","3,393","3,529","3,612","3,725","3,752","3,671","3,477","3,163","2,760","2,534","2,495","2,600","2,331","2,351","2,308","2,320","2,238","2,235","2,212","2,003","2,087","1,858","1,627","1,681","1,228","1,334","1,377","1,394","1,322","1,190",958,959,900,971,759,593,534,421,402,306,277,188,150,122,61,48,54,39,23,10,13,10,11,"211,312","211,312",759,917,"1,065","1,081","1,127","1,312","1,530","1,688","2,011","1,997","2,002","2,301","2,238","2,374","2,197","2,294","2,377","2,107","1,952","2,241","2,014","2,009","2,155","2,582","2,614","2,664","2,793","2,973","3,021","3,126","3,033","3,157","3,215","2,834","2,868","2,983","3,009","3,009","3,037","3,133","3,553","3,748","4,047","4,018","4,140","3,632","3,871","3,774","3,665","3,903","3,956","3,829","3,744","3,736","3,347","3,141","3,042","2,365","2,681","2,696","2,509","2,488","2,652","2,699","2,685","2,523","2,546","2,403","2,568","2,135","2,070","2,094","1,421","1,601","1,681","1,642","1,628","1,402","1,132","1,027",943,"1,022",857,701,637,537,542,449,404,364,270,233,169,156,112,112,62,49,38,18,44
서울특별시 서울특별시 강남구 (1168000000),"259,080","259,080","1,103","1,174","1,184","1,269","1,522","1,673","1,941","2,151","2,441","2,749","2,912","3,306","3,487","3,522","3,180","3,412","3,607","3,080","2,949","3,073","2,871","2,483","2,627","3,068","2,870","3,145","3,219","3,476","3,771","4,077","4,147","4,111","3,986","3,855","3,553","3,450","3,296","3,355","3,362","3,466","3,960","4,159","4,473","4,488","4,820","4,375","4,573","4,655","4,717","4,901","4,829","5,045","5,109","4,853","4,674","4,109","3,582","3,300","3,434","3,335","3,174","3,103","3,057","3,081","2,868","2,787","2,911","2,639","2,670","2,464","2,176","2,398","1,671","1,754","1,813","1,883","1,812","1,622","1,267","1,289","1,104","1,214",961,771,688,578,481,359,312,206,174,140,85,77,63,29,30,22,11,6,16,"282,906","282,906","1,073","1,042","1,173","1,244","1,363","1,474","1,862","2,156","2,307","2,501","2,599","3,068","3,075","3,230","2,976","3,140","3,200","2,944","2,654","2,844","2,781","2,588","2,728","3,457","3,277","3,736","4,090","4,162","4,299","4,390","4,379","4,426","4,454","4,028","4,028","3,948","3,973","3,982","4,174","4,308","4,893","5,349","5,537","5,602","5,886","5,084","5,426","5,281","5,137","5,184","5,204","4,972","5,014","4,725","4,440","4,036","3,866","3,097","3,506","3,552","3,269","3,207","3,332","3,523","3,419","3,314","3,435","3,268","3,459","2,950","2,830","2,939","1,885","2,174","2,261","2,106","2,124","1,844","1,374","1,357","1,233","1,244","1,107",926,741,729,672,538,530,459,342,296,260,205,190,128,102,74,45,26,65
서울특별시 서울특별시 송파구 (1171000000),"311,961","311,961","1,443","1,578","1,907","1,852","2,150","2,204","2,471","2,891","2,895","2,888","2,810","3,121","3,041","3,018","2,806","2,889","3,010","2,828","2,658","2,951","3,041","2,908","3,214","3,693","3,590","3,766","4,356","4,589","5,135","5,311","5,415","5,542","5,292","5,007","4,921","4,961","4,702","4,569","4,684","4,694","5,191","5,546","5,671","5,446","5,326","4,564","4,787","4,678","4,759","5,104","4,878","5,126","5,299","5,295","4,976","4,879","4,540","4,347","4,389","4,380","4,198","4,527","4,483","4,601","4,313","4,116","4,221","3,713","3,924","3,478","2,944","3,222","2,269","2,352","2,405","2,194","2,261","1,863","1,450","1,418","1,269","1,370","1,135",780,703,580,510,409,334,260,189,138,80,73,65,42,40,19,7,6,18,"337,535","337,535","1,403","1,532","1,756","1,818","1,912","2,054","2,261","2,574","2,779","2,718","2,661","3,070","2,854","2,882","2,777","2,736","3,003","2,722","2,597","2,790","2,887","2,788","3,205","4,255","4,339","4,705","5,267","5,516","5,820","5,815","6,009","5,885","6,021","5,376","5,298","5,265","5,064","5,130","5,125","5,259","5,626","6,000","5,950","5,942","5,917","4,917","5,099","4,836","4,871","5,161","5,399","5,567","5,712","5,505","5,348","5,278","5,064","4,393","4,806","4,816","4,492","4,843","5,164","5,434","5,112","4,593","4,744","4,301","4,637","3,937","3,368","3,475","2,339","2,576","2,481","2,435","2,380","1,992","1,567","1,533","1,402","1,545","1,298","1,086",977,858,785,706,674,542,486,395,319,228,218,160,96,89,44,28,61
서울특별시 서울특별시 강동구 (1174000000),"222,783","222,783","1,057","1,264","1,403","1,367","1,484","1,582","1,710","1,904","2,059","2,079","1,959","2,210","2,131","2,130","2,001","2,133","2,247","1,972","1,830","1,915","2,046","2,011","2,162","2,574","2,482","2,659","2,924","3,178","3,425","3,621","3,438","3,684","3,574","3,339","3,268","3,335","3,206","3,215","3,309","3,285","3,672","3,783","4,208","3,936","3,827","3,473","3,464","3,419","3,391","3,574","3,519","3,670","3,824","3,585","3,450","3,542","3,167","3,157","3,176","3,175","3,089","3,371","3,391","3,651","3,406","3,200","3,152","2,831","2,951","2,642","2,287","2,433","1,713","1,761","1,773","1,735","1,691","1,412","1,100","1,070",947,"1,069",810,648,535,433,355,298,232,162,132,95,61,38,47,27,19,9,5,4,14,"233,591","233,591","1,041","1,208","1,269","1,319","1,404","1,423","1,582","1,737","1,908","1,949","1,809","2,008","1,848","1,925","1,811","1,886","1,889","1,731","1,607","1,821","1,914","1,927","2,068","2,775","2,804","3,148","3,443","3,658","3,750","3,679","3,617","3,781","3,665","3,399","3,357","3,348","3,314","3,263","3,281","3,485","3,679","4,091","4,177","4,048","4,072","3,366","3,495","3,287","3,281","3,549","3,720","3,697","3,636","3,784","3,590","3,676","3,483","3,179","3,303","3,617","3,237","3,733","3,863","4,214","3,922","3,574","3,591","3,382","3,465","3,098","2,518","2,781","1,826","1,910","1,998","1,873","1,929","1,489","1,173","1,169","1,125","1,284","1,000",791,763,716,599,517,506,412,318,289,226,179,170,119,80,54,32,24,61
