사용월,호선명,역ID,지하철역,유임승차,유임하차,무임승차,무임하차
24-Jan,1호선,150,서울역,1387066,1319919,205868,195790
24-Jan,1호선,151,시청,661167,664612,93522,91704
24-Jan,1호선,152,종각,1013394,987313,148209,138647
24-Jan,1호선,153,종로3가,476713,443607,292109,270252
24-Jan,1호선,154,종로5가,464520,456584,243194,234821
24-Jan,1호선,155,동대문,214959,205635,121212,120182
24-Jan,1호선,156,신설동,280906,272723,118280,115492
24-Jan,1호선,157,제기동,231137,221946,283094,303035
24-Jan,1호선,158,청량리(서울시립대입구),369213,358445,288236,290438
24-Jan,1호선,159,동묘앞,138020,144215,148107,149640
24-Jan,2호선,201,시청,690174,656509,59924,54634
24-Jan,2호선,202,을지로입구,1283294,1325242,106398,99492
24-Jan,2호선,203,을지로3가,646849,641497,75236,73607
24-Jan,2호선,204,을지로4가,310293,315520,79554,78865
24-Jan,2호선,205,동대문역사문화공원(DDP),339444,386982,56929,61475
24-Jan,2호선,206,신당,337710,362225,91909,94375
24-Jan,2호선,207,상왕십리,346293,337298,68470,69192
24-Jan,2호선,208,왕십리(성동구청),393267,358900,52402,46646
24-Jan,2호선,209,한양대,218403,233081,13287,13923
24-Jan,2호선,210,뚝섬,637994,674750,59839,60086
24-Jan,2호선,211,성수,1091332,1187383,104875,106455
24-Jan,2호선,212,건대입구,1001761,1057573,93355,97365
24-Jan,2호선,213,구의(광진구청),612824,597025,106018,106617
24-Jan,2호선,214,강변(동서울터미널),804770,749714,116498,111302
24-Jan,2호선,215,잠실나루,344751,333943,91245,91593
24-Jan,2호선,216,잠실(송파구청),2086902,2056592,211961,204014
24-Jan,2호선,217,잠실새내,568938,567183,114110,113121
24-Jan,2호선,218,종합운동장,192805,209906,44789,46285
24-Jan,2호선,219,삼성(무역센터),1432443,1438374,121176,111109
24-Jan,2호선,220,선릉,1380345,1208652,230601,202889
24-Jan,2호선,221,역삼,1303655,1482665,148728,151698
24-Jan,2호선,222,강남,2255501,2189558,167643,145997
24-Jan,2호선,223,교대(법원.검찰청),724960,869505,149400,177485
24-Jan,2호선,224,서초,541247,519946,86477,85688
24-Jan,2호선,225,방배,365307,378047,75280,74440
24-Jan,2호선,226,사당,977886,1075822,207960,196206
24-Jan,2호선,227,낙성대(강감찬),686807,664420,106551,108454
24-Jan,2호선,228,서울대입구(관악구청),1152523,1141766,181409,171860
24-Jan,2호선,229,봉천,548961,511076,150685,149959
24-Jan,2호선,230,신림,1394665,1339396,199950,197794
24-Jan,2호선,231,신대방,608686,586698,128224,129264
24-Jan,2호선,232,구로디지털단지,1465772,1447805,198759,198684
24-Jan,2호선,233,대림(구로구청),577663,589380,130121,134085
24-Jan,2호선,234,신도림,1240030,1224359,224354,211444
24-Jan,2호선,235,문래,571332,589011,88244,87761
24-Jan,2호선,236,영등포구청,540692,556410,104218,102650
24-Jan,2호선,237,당산,447748,517929,57728,63318
24-Jan,2호선,238,합정,903326,980109,68809,69837
24-Jan,2호선,239,홍대입구,1991465,2128120,98818,96148
24-Jan,2호선,240,신촌,966614,992115,124680,122371
24-Jan,2호선,241,이대,366576,399399,48964,51369
24-Jan,2호선,242,아현,239238,222034,63979,62696
24-Jan,2호선,243,충정로(경기대입구),245730,259953,46594,47367
24-Jan,2호선,244,용답,64603,63771,16899,16874
24-Jan,2호선,245,신답,36970,42391,9185,9875
24-Jan,2호선,246,신설동,78189,75580,32428,33885
24-Jan,2호선,247,도림천,29092,30520,7262,8315
24-Jan,2호선,248,양천구청,144745,154456,50729,51691
24-Jan,2호선,249,신정네거리,224114,233474,74388,76091
24-Jan,2호선,250,용두(동대문구청),48439,48520,24143,25078
24-Jan,3호선,309,지축,169127,167033,34168,33362
24-Jan,3호선,310,구파발,493931,480892,126052,120679
24-Jan,3호선,311,연신내,740140,710045,255700,247999
24-Jan,3호선,312,불광,333633,353424,139359,152841
24-Jan,3호선,313,녹번,366276,328345,79633,78786
24-Jan,3호선,314,홍제,373343,350519,145029,143967
24-Jan,3호선,315,무악재,95599,91724,31269,33512
24-Jan,3호선,316,독립문,143197,148186,68308,68327
24-Jan,3호선,317,경복궁(정부서울청사),582475,592194,86247,83346
24-Jan,3호선,318,안국,613012,631414,97136,102426
24-Jan,3호선,319,종로3가,244255,283806,65479,73314
24-Jan,3호선,320,을지로3가,289895,297484,51880,49012
24-Jan,3호선,321,충무로,53,0,2,0
24-Jan,3호선,322,동대입구,237073,257304,36675,40557
24-Jan,3호선,323,약수,290708,284456,82330,77849
24-Jan,3호선,324,금호,179545,165817,54881,53857
24-Jan,3호선,325,옥수,196310,205101,58117,58827
24-Jan,3호선,326,압구정,794232,864258,137505,135690
24-Jan,3호선,327,신사,763764,796886,71584,68786
24-Jan,3호선,328,잠원,110170,105441,31646,30265
24-Jan,3호선,329,고속터미널,1214149,1143220,210035,196620
24-Jan,3호선,330,교대(법원.검찰청),390270,233337,85549,48723
24-Jan,3호선,331,남부터미널(예술의전당),756016,762335,122191,121500
24-Jan,3호선,332,양재(서초구청),918279,1000930,150832,151902
24-Jan,3호선,333,매봉,286091,278360,72201,67574
24-Jan,3호선,334,도곡,119912,127895,25667,25141
24-Jan,3호선,335,대치,309810,298081,72414,69844
24-Jan,3호선,336,학여울,48093,49129,15238,15104
24-Jan,3호선,337,대청,239043,226171,63020,61390
24-Jan,3호선,338,일원,244946,237125,71193,70756
24-Jan,3호선,339,수서,431049,439362,117119,114934
24-Jan,3호선,340,가락시장,185500,182225,81691,79890
24-Jan,3호선,341,경찰병원,173406,172522,44776,46686
24-Jan,3호선,342,오금,158082,142294,33185,31595
24-Jan,4호선,409,당고개,202957,168403,73158,71784
24-Jan,4호선,410,상계,433619,395552,123239,119227
24-Jan,4호선,411,노원,684286,773234,165286,170026
24-Jan,4호선,412,창동,549509,578862,225190,230994
24-Jan,4호선,413,쌍문,665037,608478,176264,175005
24-Jan,4호선,414,수유(강북구청),780747,787686,196347,197363
24-Jan,4호선,415,미아(서울사이버대학),314901,300131,118527,120619
24-Jan,4호선,416,미아사거리,588366,580313,187377,187119
24-Jan,4호선,417,길음,481111,469258,121560,122347
24-Jan,4호선,418,성신여대입구(돈암),503295,490266,89304,87965
24-Jan,4호선,419,한성대입구(삼선교),299458,292181,71805,70918
24-Jan,4호선,420,혜화,939621,950875,140571,138468
24-Jan,4호선,421,동대문,403895,427206,145826,142359
24-Jan,4호선,422,동대문역사문화공원(DDP),455960,400897,63193,56260
24-Jan,4호선,423,충무로,689169,713839,119640,121747
24-Jan,4호선,424,명동,787193,838006,74889,77179
24-Jan,4호선,425,회현(남대문시장),564629,592826,185475,184527
24-Jan,4호선,426,서울역,313439,551280,40845,53210
24-Jan,4호선,427,숙대입구(갈월),339926,335596,55421,51984
24-Jan,4호선,428,삼각지,163770,189976,25247,26866
24-Jan,4호선,429,신용산,507131,535822,55575,56014
24-Jan,4호선,430,이촌(국립중앙박물관),210138,228785,48733,51486
24-Jan,4호선,431,동작(현충원),23417,27373,11836,12269
24-Jan,4호선,432,총신대입구(이수),406934,449243,153128,159870
24-Jan,4호선,433,사당,669885,585798,100639,104531
24-Jan,4호선,434,남태령,29658,24561,8368,7722
24-Jan,경부선,1001,서울역,292011,87591,16638,3648
24-Jan,경부선,1002,남영,234146,244404,37899,38951
24-Jan,경부선,1003,용산,1105367,1102427,132188,129829
24-Jan,경부선,1004,노량진,212495,220698,45256,43576
24-Jan,경부선,1005,대방,238487,265530,58601,60770
24-Jan,경부선,1006,영등포,969998,994957,284062,284629
24-Jan,경부선,1007,신도림,85281,85925,23734,27708
24-Jan,경부선,1032,신길,205625,171038,45477,41510
24-Jan,경부선,1701,구로,406596,419107,103327,100235
24-Jan,경부선,1702,가산디지털단지,433957,498563,38390,42700
24-Jan,경부선,1703,금천구청,241118,242193,79372,81088
24-Jan,경부선,1704,석수,207511,187890,48459,46469
24-Jan,경부선,1705,관악,160348,152524,54165,53090
24-Jan,경부선,1706,안양,491045,488109,121600,125227
24-Jan,경부선,1707,명학,199991,195492,42858,41969
24-Jan,경부선,1708,금정,680324,690178,127696,128848
24-Jan,경부선,1709,군포,165419,162754,38443,37468
24-Jan,경부선,1710,의왕,214496,211329,44850,44549
24-Jan,경부선,1711,성균관대,366504,364002,58966,59393
24-Jan,경부선,1712,화서,283817,277417,51291,50111
24-Jan,경부선,1713,수원,968568,1018753,155266,157767
24-Jan,경부선,1714,독산,427509,440358,69119,71228
24-Jan,경부선,1715,세류,81742,74376,16260,16008
24-Jan,경부선,1716,병점,356988,355767,70092,69938
24-Jan,경부선,1717,세마,75269,71004,16425,15336
24-Jan,경부선,1718,오산대,86151,80685,16235,15724
24-Jan,경부선,1719,오산,247636,248816,49886,50554
24-Jan,경부선,1720,진위,38621,34183,9273,8919
24-Jan,경부선,1721,송탄,110591,112065,21055,20784
24-Jan,경부선,1722,서정리,212859,200132,35669,34567
24-Jan,경부선,1723,평택지제,122514,116002,13730,13591
24-Jan,경부선,1724,평택,315379,313089,67176,66201
24-Jan,경부선,1725,성환,89395,88909,19852,19552
24-Jan,경부선,1726,직산,22165,21905,4841,4627
24-Jan,경부선,1727,두정,167578,169178,27406,28139
24-Jan,경부선,1728,천안,131939,135633,54190,53598
24-Jan,경부선,1729,당정,138620,131915,31951,30554
24-Jan,경부선,1749,서동탄,35720,31410,7362,7016
24-Jan,경부선,1750,광명,106058,87121,11064,10405
24-Jan,경인선,1801,개봉,459115,447656,161125,167616
24-Jan,경인선,1802,오류동,238836,222995,90570,89020
24-Jan,경인선,1803,역곡,588114,584872,153665,158897
24-Jan,경인선,1804,부천,702477,703210,225745,228267
24-Jan,경인선,1805,송내,626428,610837,125644,123752
24-Jan,경인선,1806,부평,714813,756940,150905,154203
24-Jan,경인선,1807,백운,150768,144341,59858,59690
24-Jan,경인선,1808,동암,347359,346644,106025,107023
24-Jan,경인선,1809,주안,441839,397293,95094,85699
24-Jan,경인선,1810,제물포,221235,209542,66506,65369
24-Jan,경인선,1811,동인천,292344,273588,114129,111651
24-Jan,경인선,1812,인천,71300,52411,30324,26857
24-Jan,경인선,1813,구일,126541,127237,44577,43798
24-Jan,경인선,1814,소사,159521,152196,61492,59014
24-Jan,경인선,1815,부개,180012,164769,68228,66713
24-Jan,경인선,1816,간석,120867,114519,46184,44749
24-Jan,경인선,1817,도원,51174,50834,29070,30240
24-Jan,경인선,1821,온수(성공회대입구),121382,114782,49610,48464
24-Jan,경인선,1822,중동,189164,174811,73867,72945
24-Jan,경인선,1823,도화,78710,72119,40144,39123
24-Jan,경원선,1008,이촌(국립중앙박물관),82561,63312,30152,25124
24-Jan,경원선,1009,서빙고,45475,43319,17585,17270
24-Jan,경원선,1010,한남,86486,83202,29162,27161
24-Jan,경원선,1011,옥수,1545,1105,165,80
24-Jan,경원선,1012,응봉,37620,32161,16850,15464
24-Jan,경원선,1013,왕십리(성동구청),397788,411512,74889,76976
24-Jan,경원선,1014,청량리(서울시립대입구),379425,380871,150395,155138
24-Jan,경원선,1016,외대앞,202052,196627,45699,46321
24-Jan,경원선,1017,신이문,178009,162111,66533,64923
24-Jan,경원선,1018,석계,156192,181314,58735,63573
24-Jan,경원선,1019,광운대,168982,159080,54706,53527
24-Jan,경원선,1020,월계,119213,110117,60791,58423
24-Jan,경원선,1021,녹천,90153,73640,35624,32629
24-Jan,경원선,1022,창동,17,0,2,0
24-Jan,경원선,1901,방학,176230,171121,110580,108718
24-Jan,경원선,1902,도봉,100264,94205,70273,69585
24-Jan,경원선,1903,도봉산,121204,63578,102605,79592
24-Jan,경원선,1904,망월사,139493,142477,69206,70900
24-Jan,경원선,1905,회룡,225969,219837,149714,147541
24-Jan,경원선,1906,의정부,435420,445690,117896,119300
24-Jan,경원선,1907,가능,128157,121547,56352,56141
24-Jan,경원선,1908,녹양,88921,83790,36417,34801
24-Jan,경원선,1909,양주,153732,147383,53374,51704
24-Jan,경원선,1910,덕계,113676,101049,30905,29525
24-Jan,경원선,1911,덕정,126422,119618,34341,34015
24-Jan,경원선,1912,지행,144329,143522,44816,44392
24-Jan,경원선,1913,동두천중앙,51435,49621,35255,35279
24-Jan,경원선,1914,보산,30258,29308,13162,12311
24-Jan,경원선,1915,동두천,30670,30631,17886,18097
24-Jan,경원선,1916,소요산,14278,13775,36182,35151
24-Jan,경원선,1917,청산,2127,1878,1520,1527
24-Jan,경원선,1918,전곡,22233,20320,13882,12921
24-Jan,경원선,1919,연천,15103,14262,27243,27545
24-Jan,안산선,1751,산본,370322,398849,109335,110877
24-Jan,안산선,1752,대야미,112036,97651,30938,28783
24-Jan,안산선,1753,반월,91175,86621,31345,30961
24-Jan,안산선,1754,상록수,356475,361044,71428,72552
24-Jan,안산선,1755,한대앞,213266,212481,42108,43985
24-Jan,안산선,1756,중앙,474766,500441,67831,66704
24-Jan,안산선,1757,고잔,217633,206992,38185,37255
24-Jan,안산선,1758,초지,127157,125545,18983,18794
24-Jan,안산선,1759,안산,317833,294114,38877,36383
24-Jan,안산선,1760,신길온천,46612,41901,9700,9263
24-Jan,안산선,1761,정왕,219413,225106,29365,30802
24-Jan,안산선,1762,오이도,194513,191551,32877,32545
24-Jan,안산선,1763,수리산,82843,65645,31308,29496
24-Jan,과천선,1450,선바위,193629,165539,33857,32816
24-Jan,과천선,1451,경마공원,91460,92282,71885,71802
24-Jan,과천선,1452,대공원,52970,54809,30723,31962
24-Jan,과천선,1453,과천,143529,131974,47342,44934
24-Jan,과천선,1454,정부과천청사,271459,284837,57613,57329
24-Jan,과천선,1455,인덕원,596483,613026,123283,128108
24-Jan,과천선,1456,평촌,433775,420316,70261,69258
24-Jan,과천선,1457,범계,674694,674765,118382,116714
24-Jan,분당선,1023,선릉,326891,509500,48874,65590
24-Jan,분당선,1024,한티,419170,432758,73811,75281
24-Jan,분당선,1025,도곡,166855,159573,54484,51543
24-Jan,분당선,1026,구룡,61522,61078,24791,24740
24-Jan,분당선,1027,개포동,104290,107091,32643,33618
24-Jan,분당선,1028,대모산입구,134503,125946,37982,37374
24-Jan,분당선,1030,수서,364609,372858,70868,74041
24-Jan,분당선,1031,복정,28,0,4,0
24-Jan,분당선,1846,수원,207520,186980,33900,30152
24-Jan,분당선,1847,서울숲,317935,328479,29378,28902
24-Jan,분당선,1848,압구정로데오,531541,591715,48737,47271
24-Jan,분당선,1849,강남구청,237205,274809,39274,42760
24-Jan,분당선,1850,선정릉,184209,193584,32795,32196
24-Jan,분당선,1851,가천대,177019,190663,27846,29088
24-Jan,분당선,1852,태평,297793,276415,93752,97077
24-Jan,분당선,1853,모란,429236,426888,172871,188094
24-Jan,분당선,1854,야탑,586538,621602,159859,162216
24-Jan,분당선,1855,서현,607358,622666,134222,129866
24-Jan,분당선,1856,수내,336655,337402,77415,76283
24-Jan,분당선,1857,정자,460823,484124,71698,71346
24-Jan,분당선,1858,미금,334066,350756,112163,117420
24-Jan,분당선,1859,오리,262314,219446,74751,65335
24-Jan,분당선,1860,이매,124134,121131,41412,41124
24-Jan,분당선,1861,보정,55163,47961,20698,19667
24-Jan,분당선,1862,죽전,306552,342773,72045,77341
24-Jan,분당선,1863,구성,104801,111608,36998,37611
24-Jan,분당선,1864,신갈,106758,104805,30007,30017
24-Jan,분당선,1865,기흥,247742,226344,45107,43358
24-Jan,분당선,1866,상갈,124412,118687,32150,31506
24-Jan,분당선,1867,청명,109491,104754,21631,21642
24-Jan,분당선,1868,영통,224526,224951,35038,35038
24-Jan,분당선,1869,망포,403324,386177,42901,41616
24-Jan,분당선,1870,매탄권선,128129,124290,24403,23374
24-Jan,분당선,1871,수원시청,357801,392560,48800,50085
24-Jan,분당선,1872,매교,116411,115817,25855,26250
24-Jan,일산선,1948,원흥,266953,252718,63510,61231
24-Jan,일산선,1949,지축,19,0,2,0
24-Jan,일산선,1950,삼송,462610,440177,95522,96856
24-Jan,일산선,1951,원당,237961,222368,79548,78769
24-Jan,일산선,1952,화정,380466,394552,122369,124684
24-Jan,일산선,1953,대곡,64611,47797,11337,9650
24-Jan,일산선,1954,백석,217576,220301,75015,74470
24-Jan,일산선,1955,마두,155618,158985,69862,71267
24-Jan,일산선,1956,정발산,163340,169597,52304,49084
24-Jan,일산선,1957,주엽,187563,186922,91510,94143
24-Jan,일산선,1958,대화,293931,227261,80797,74359
24-Jan,중앙선,1015,회기,584023,561307,119730,117839
24-Jan,중앙선,1201,중랑,110363,106610,48404,47971
24-Jan,중앙선,1202,상봉,127333,125648,40088,39640
24-Jan,중앙선,1203,망우,149045,141783,70395,71194
24-Jan,중앙선,1204,양원,61431,59408,21193,20705
24-Jan,중앙선,1205,구리,294965,300836,84265,84547
24-Jan,중앙선,1206,도농,243669,227598,65728,64609
24-Jan,중앙선,1207,양정,9685,7895,5165,4451
24-Jan,중앙선,1208,덕소,110921,106839,44829,44146
24-Jan,중앙선,1209,도심,47365,35583,18274,16887
24-Jan,중앙선,1210,팔당,16250,17579,7984,7749
24-Jan,중앙선,1211,운길산,10385,9545,6928,7127
24-Jan,중앙선,1212,양수,31876,31413,18628,18369
24-Jan,중앙선,1213,신원,2390,2116,2642,2187
24-Jan,중앙선,1214,국수,10636,10425,8450,8666
24-Jan,중앙선,1215,아신,9016,8890,7510,7421
24-Jan,중앙선,1216,오빈,4592,4262,3744,3858
24-Jan,중앙선,1217,양평,61115,60825,30353,30829
24-Jan,중앙선,1218,원덕,4598,4271,4778,4569
24-Jan,중앙선,1219,용문,28201,28425,30382,30275
24-Jan,중앙선,1220,지평,649,759,810,792
24-Jan,장항선,1401,봉명,28521,28693,11635,11083
24-Jan,장항선,1402,쌍용(나사렛대),51456,48813,14554,13795
24-Jan,장항선,1403,아산,100584,88502,13296,12356
24-Jan,장항선,1404,탕정,38046,35116,6308,5956
24-Jan,장항선,1405,배방,29227,28705,6829,6514
24-Jan,장항선,1407,온양온천,84322,85035,62871,63448
24-Jan,장항선,1408,신창(순천향대),25732,25695,5945,5356
24-Jan,경의선,1252,신촌,20813,27550,3611,4449
24-Jan,경의선,1261,효창공원앞,72332,82868,15203,16908
24-Jan,경의선,1263,서강대,51484,51036,11528,10581
24-Jan,경의선,1265,가좌,125769,119394,44196,44683
24-Jan,경의선,1267,수색,78624,80986,17202,17484
24-Jan,경의선,1268,한국항공대,42387,38699,8307,8040
24-Jan,경의선,1269,강매,75583,63212,17820,16836
24-Jan,경의선,1270,행신,198095,198107,35266,36256
24-Jan,경의선,1271,능곡,104308,96146,32709,32134
24-Jan,경의선,1272,곡산,12788,13235,4812,4952
24-Jan,경의선,1273,백마,176398,169225,36255,36054
24-Jan,경의선,1274,풍산,139073,130297,39336,38462
24-Jan,경의선,1275,일산,236263,230213,65388,65686
24-Jan,경의선,1276,탄현,187910,177760,40040,39426
24-Jan,경의선,1277,야당,212790,218479,40251,39432
24-Jan,경의선,1278,운정,170764,155445,40696,39234
24-Jan,경의선,1279,금릉,125485,118881,29544,29124
24-Jan,경의선,1280,금촌,145539,141613,45552,45980
24-Jan,경의선,1282,월롱,49460,42689,8388,8704
24-Jan,경의선,1283,파주,25262,18878,6566,5544
24-Jan,경의선,1284,문산,114445,111721,41536,41485
24-Jan,경의선,1285,임진강,261,233,216,244
24-Jan,경의선,1286,운천,81,19,108,99
24-Jan,경의선,1291,서울역,107960,131793,16554,19541
24-Jan,경의선,1292,공덕,106827,83223,15789,14582
24-Jan,경의선,1293,홍대입구,56087,73734,5341,6104
24-Jan,경의선,1294,디지털미디어시티,66697,59637,12275,12667
24-Jan,경의선,1296,계양,5,0,0,0
24-Jan,경의선,1297,검암,0,0,1,0
24-Jan,경춘선,1311,신내,47606,43119,17927,17628
24-Jan,경춘선,1312,갈매,64021,53906,20446,19175
24-Jan,경춘선,1313,별내,69709,66764,22205,20725
24-Jan,경춘선,1314,퇴계원,72277,66347,28556,27048
24-Jan,경춘선,1315,사릉,44829,43146,14086,14152
24-Jan,경춘선,1316,금곡,24943,24273,15242,14522
24-Jan,경춘선,1317,평내호평,123960,121865,45576,43921
24-Jan,경춘선,1318,천마산,26027,22826,17082,17200
24-Jan,경춘선,1319,마석,72600,70154,32759,32590
24-Jan,경춘선,1320,대성리,13747,12655,5007,4544
24-Jan,경춘선,1321,청평,34015,32146,16754,16549
24-Jan,경춘선,1322,상천,3552,3066,3466,3305
24-Jan,경춘선,1323,가평,39373,38873,13061,12544
24-Jan,경춘선,1324,굴봉산,2277,3118,1328,1303
24-Jan,경춘선,1325,백양리,11015,8585,1207,1203
24-Jan,경춘선,1326,강촌,7472,7126,3660,3547
24-Jan,경춘선,1327,김유정,6608,6584,3338,3396
24-Jan,경춘선,1328,남춘천,53979,54922,23622,24308
24-Jan,경춘선,1329,춘천,24393,21754,14405,12194
24-Jan,수인선,1873,고색,128989,120078,19951,18481
24-Jan,수인선,1874,오목천,90617,79103,16494,16228
24-Jan,수인선,1875,어천,28602,27116,7165,7694
24-Jan,수인선,1876,야목,8222,6639,2608,2278
24-Jan,수인선,1877,사리,123430,103930,20146,18258
24-Jan,수인선,1878,달월,1965,1335,1055,546
24-Jan,수인선,1879,월곶,63053,55854,19371,18866
24-Jan,수인선,1880,소래포구,93836,86698,45444,44221
24-Jan,수인선,1881,인천논현,118341,127228,35904,36253
24-Jan,수인선,1882,호구포,86940,90558,22960,22548
24-Jan,수인선,1883,남동인더스파크,51973,58810,7425,7458
24-Jan,수인선,1884,원인재,93920,96163,34059,34414
24-Jan,수인선,1885,연수,104527,103734,34200,34609
24-Jan,수인선,1886,송도,47592,42326,23442,22067
24-Jan,수인선,1888,인하대,142799,133500,29791,28345
24-Jan,수인선,1889,숭의,84792,77947,30893,29518
24-Jan,수인선,1890,신포,35582,36579,14556,14656
24-Jan,수인선,1891,인천,17787,32251,12695,16441
24-Jan,경강선,1501,판교,155875,155187,22763,19756
24-Jan,경강선,1502,이매,26940,22365,7188,6887
24-Jan,경강선,1503,삼동,57269,52382,14431,14466
24-Jan,경강선,1504,경기광주,196807,182653,34217,34290
24-Jan,경강선,1505,초월,83884,78319,16028,15559
24-Jan,경강선,1506,곤지암,57945,54709,13717,13474
24-Jan,경강선,1507,신둔도예촌,34475,31772,8369,7993
24-Jan,경강선,1508,이천,70798,74058,14535,15166
24-Jan,경강선,1509,부발,55985,53990,9522,9318
24-Jan,경강선,1510,세종대왕릉,6572,6326,3404,3361
24-Jan,경강선,1511,여주,60361,58277,17817,17730
24-Jan,서해선,1980,김포공항,85198,100849,10740,15164
24-Jan,서해선,1981,원종,94066,95072,36835,38308
24-Jan,서해선,1982,부천종합운동장,62064,50136,7312,5908
24-Jan,5호선,2511,방화,147587,139683,55433,54415
24-Jan,5호선,2512,개화산,132376,126162,41131,40579
24-Jan,5호선,2513,김포공항,239703,187983,45422,41974
24-Jan,5호선,2514,송정,137455,129938,49627,47717
24-Jan,5호선,2515,마곡,297905,300719,48411,47013
24-Jan,5호선,2516,발산,551183,576908,109828,105892
24-Jan,5호선,2517,우장산,318504,313782,96842,100664
24-Jan,5호선,2518,화곡,679221,632635,151468,145778
24-Jan,5호선,2519,까치산,658186,630592,159475,161711
24-Jan,5호선,2520,신정(은행정),323908,263485,64811,62766
24-Jan,5호선,2521,목동,391589,425099,86605,88620
24-Jan,5호선,2522,오목교(목동운동장앞),539160,570597,91737,91338
24-Jan,5호선,2523,양평,188320,185641,31110,30959
24-Jan,5호선,2524,영등포구청,109009,108157,21362,20825
24-Jan,5호선,2525,영등포시장,255718,262550,81022,81717
24-Jan,5호선,2526,신길,123830,129042,12242,12990
24-Jan,5호선,2527,여의도,770195,806244,58013,54969
24-Jan,5호선,2528,여의나루,277110,322651,28008,26962
24-Jan,5호선,2529,마포,361559,372120,64893,65077
24-Jan,5호선,2530,공덕,359580,381547,50063,47787
24-Jan,5호선,2531,애오개,155385,155600,39368,38140
24-Jan,5호선,2532,충정로(경기대입구),114277,116547,15266,15384
24-Jan,5호선,2533,서대문,484258,493664,73672,69376
24-Jan,5호선,2534,광화문(세종문화회관),885626,912811,89149,86019
24-Jan,5호선,2535,종로3가,330861,319420,96315,96674
24-Jan,5호선,2536,을지로4가,139558,141816,44319,42919
24-Jan,5호선,2537,동대문역사문화공원(DDP),79426,90799,8898,9645
24-Jan,5호선,2538,청구,87593,85240,24710,19999
24-Jan,5호선,2539,신금호,143053,149374,38786,43594
24-Jan,5호선,2540,행당,183802,164059,51812,47271
24-Jan,5호선,2541,왕십리(성동구청),107493,127885,25563,25639
24-Jan,5호선,2542,마장,125003,115885,45332,44420
24-Jan,5호선,2543,답십리,378381,341555,87600,84567
24-Jan,5호선,2544,장한평,453711,450168,99900,102099
24-Jan,5호선,2545,군자(능동),295085,328109,43420,46694
24-Jan,5호선,2546,아차산(어린이대공원후문),319095,315273,101787,99203
24-Jan,5호선,2547,광나루(장신대),319090,293395,74909,73459
24-Jan,5호선,2548,천호(풍납토성),435361,420999,147211,146996
24-Jan,5호선,2549,강동,423972,413019,109657,106966
24-Jan,5호선,2550,길동,163827,171566,78975,80879
24-Jan,5호선,2551,굽은다리(강동구민회관앞),207068,200422,81232,76809
24-Jan,5호선,2552,명일,189506,193841,72879,75764
24-Jan,5호선,2553,고덕,224199,222278,77612,75712
24-Jan,5호선,2554,상일동,328416,312147,92722,91143
24-Jan,5호선,2555,둔촌동,188465,189141,68374,69138
24-Jan,5호선,2556,올림픽공원(한국체대),94770,81253,37107,33306
24-Jan,5호선,2557,방이,171219,176722,52089,52757
24-Jan,5호선,2558,오금,81122,81208,23200,21931
24-Jan,5호선,2559,개롱,132872,140263,52552,54539
24-Jan,5호선,2560,거여,221285,216691,68459,66666
24-Jan,5호선,2561,마천,156042,138550,59128,59751
24-Jan,5호선,2562,강일,121243,109670,43225,41723
24-Jan,5호선,2563,미사,429875,438476,86867,86336
24-Jan,5호선,2564,하남풍산,98947,99617,33051,32576
24-Jan,5호선,2565,하남시청(덕풍·신장),161006,149950,75976,76361
24-Jan,5호선,2566,하남검단산,142545,134246,53307,52480
24-Jan,6호선,2611,응암,388443,386559,120587,121162
24-Jan,6호선,2612,역촌,77449,97995,33607,33943
24-Jan,6호선,2613,불광,93415,93342,42031,34376
24-Jan,6호선,2614,독바위,59899,60230,20630,25025
24-Jan,6호선,2615,연신내,9,0,2,0
24-Jan,6호선,2616,구산,173827,121818,55468,58429
24-Jan,6호선,2617,새절(신사),274373,251220,88943,89198
24-Jan,6호선,2618,증산(명지대앞),212661,211846,73136,73690
24-Jan,6호선,2619,디지털미디어시티,354670,395329,60373,60861
24-Jan,6호선,2620,월드컵경기장(성산),75231,79886,44984,42637
24-Jan,6호선,2621,마포구청,331748,301104,79816,73264
24-Jan,6호선,2622,망원,366749,395048,81147,85167
24-Jan,6호선,2623,합정,367202,358221,40845,36278
24-Jan,6호선,2624,상수,270938,305702,21608,21785
24-Jan,6호선,2625,광흥창(서강),213017,205417,51327,50891
24-Jan,6호선,2626,대흥(서강대앞),200803,210863,45544,45460
24-Jan,6호선,2627,공덕,463267,448975,79698,75075
24-Jan,6호선,2628,효창공원앞,170379,151875,37920,35308
24-Jan,6호선,2629,삼각지,191895,171782,21694,17955
24-Jan,6호선,2630,녹사평(용산구청),127569,130328,17618,17497
24-Jan,6호선,2631,이태원,307008,321461,31481,31788
24-Jan,6호선,2632,한강진,263726,304700,17624,16812
24-Jan,6호선,2633,버티고개,47820,47176,13576,15294
24-Jan,6호선,2634,약수,86532,85079,22600,21967
24-Jan,6호선,2635,청구,89696,87350,19716,22426
24-Jan,6호선,2636,신당,219376,223707,39313,38480
24-Jan,6호선,2637,동묘앞,174888,180892,67734,62552
24-Jan,6호선,2638,창신,78063,62136,19614,18354
24-Jan,6호선,2639,보문,190367,175969,31260,29716
24-Jan,6호선,2640,안암(고대병원앞),270968,274471,40227,39303
24-Jan,6호선,2641,고려대(종암),195205,187786,35331,34475
24-Jan,6호선,2642,월곡(동덕여대),261878,256967,69505,69250
24-Jan,6호선,2643,상월곡(한국과학기술연구원),140261,123402,41020,39916
24-Jan,6호선,2644,돌곶이,225711,203559,65935,64938
24-Jan,6호선,2645,석계,271220,281212,80337,80226
24-Jan,6호선,2646,태릉입구,131745,142671,34644,35262
24-Jan,6호선,2647,화랑대(서울여대입구),278179,213125,49583,44508
24-Jan,6호선,2648,봉화산(서울의료원),205155,191897,50922,49910
24-Jan,6호선,2649,신내,7,0,0,0
24-Jan,7호선,2711,장암,59800,23016,10532,7477
24-Jan,7호선,2712,도봉산,202532,226649,44915,64906
24-Jan,7호선,2713,수락산,258422,251522,97479,98472
24-Jan,7호선,2714,마들,278210,256977,90774,89443
24-Jan,7호선,2715,노원,564080,601014,163734,163242
24-Jan,7호선,2716,중계,320755,290471,93448,90207
24-Jan,7호선,2717,하계,399637,371476,114350,110458
24-Jan,7호선,2718,공릉(서울과학기술대),266514,263370,74442,75004
24-Jan,7호선,2719,태릉입구,202697,191037,44532,40772
24-Jan,7호선,2720,먹골,229691,225716,68210,70267
24-Jan,7호선,2721,중화,240210,232137,65860,65889
24-Jan,7호선,2722,상봉,428100,410090,77114,74196
24-Jan,7호선,2723,면목,331157,316038,97327,100502
24-Jan,7호선,2724,사가정,363814,362995,102401,103858
24-Jan,7호선,2725,용마산(용마폭포공원),132962,126525,34748,37866
24-Jan,7호선,2726,중곡,249011,234103,65857,66681
24-Jan,7호선,2727,군자(능동),362328,279882,84902,72635
24-Jan,7호선,2728,어린이대공원(세종대),339203,336540,40728,40820
24-Jan,7호선,2729,건대입구,329044,355252,65332,59910
24-Jan,7호선,2730,뚝섬유원지,193565,191268,43463,42904
24-Jan,7호선,2731,청담,462881,517103,79552,76704
24-Jan,7호선,2732,강남구청,415805,460056,53165,53837
24-Jan,7호선,2733,학동,610545,643769,67899,64709
24-Jan,7호선,2734,논현,477026,495398,46004,44636
24-Jan,7호선,2735,반포,142760,137592,37433,35996
24-Jan,7호선,2736,고속터미널,452540,350531,78250,70591
24-Jan,7호선,2737,내방,339185,347558,76789,74549
24-Jan,7호선,2738,이수,394060,382061,83144,78333
24-Jan,7호선,2739,남성,251614,235166,77403,77120
24-Jan,7호선,2740,숭실대입구(살피재),284979,284234,65139,67380
24-Jan,7호선,2741,상도,261635,254797,65148,62141
24-Jan,7호선,2742,장승배기,198993,192179,69158,69928
24-Jan,7호선,2743,신대방삼거리,337936,321399,92412,95510
24-Jan,7호선,2744,보라매,163627,168285,33365,34358
24-Jan,7호선,2745,신풍,247143,229923,74396,72803
24-Jan,7호선,2746,대림(구로구청),229129,230665,45185,44744
24-Jan,7호선,2747,남구로,372493,390890,63600,63421
24-Jan,7호선,2748,가산디지털단지,1136483,1137652,103014,97133
24-Jan,7호선,2749,철산,513322,521002,108754,107953
24-Jan,7호선,2750,광명사거리,441200,431207,156588,162038
24-Jan,7호선,2751,천왕,265193,249394,60215,60373
24-Jan,7호선,2752,온수(성공회대입구),221115,203036,42289,39598
24-Jan,7호선,2753,까치울,1,0,0,0
24-Jan,8호선,2811,암사,431478,376986,108784,106854
24-Jan,8호선,2812,천호(풍납토성),360273,427576,89694,88497
24-Jan,8호선,2813,강동구청,236669,246115,69371,70148
24-Jan,8호선,2814,몽촌토성(평화의문),165336,170630,35526,34250
24-Jan,8호선,2815,잠실(송파구청),416112,488334,82542,80020
24-Jan,8호선,2816,석촌,186639,222738,54496,57588
24-Jan,8호선,2817,송파,208193,204953,67406,66260
24-Jan,8호선,2818,가락시장,170374,193349,68838,69698
24-Jan,8호선,2819,문정,559460,583219,64446,64220
24-Jan,8호선,2820,장지,408018,375360,84897,80859
24-Jan,8호선,2821,복정,223710,185773,39138,35269
24-Jan,8호선,2822,산성,143030,143091,35012,37588
24-Jan,8호선,2823,남한산성입구(성남법원.검찰청),292499,259920,77623,73572
24-Jan,8호선,2824,단대오거리,268772,262795,76222,74896
24-Jan,8호선,2825,신흥,111764,115618,42862,45196
24-Jan,8호선,2826,수진,112144,101803,47557,46668
24-Jan,8호선,2827,모란,87520,70852,57061,43324
24-Jan,8호선,2828,남위례,166052,168935,34046,33411
24-Jan,9호선,4101,개화,65529,43219,11883,9073
24-Jan,9호선,4102,김포공항,201654,289745,19390,25276
24-Jan,9호선,4103,공항시장,64495,69431,24044,26071
24-Jan,9호선,4104,신방화,151920,149529,50920,51198
24-Jan,9호선,4105,마곡나루(서울식물원),357310,353395,37497,36227
24-Jan,9호선,4106,양천향교,237173,243552,47707,47459
24-Jan,9호선,4107,가양,501992,487805,137960,135728
24-Jan,9호선,4108,증미,190342,182732,38015,37982
24-Jan,9호선,4109,등촌,263034,252841,87291,87222
24-Jan,9호선,4110,염창,436716,420617,78083,76995
24-Jan,9호선,4111,신목동,100369,87566,24791,23695
24-Jan,9호선,4112,선유도,222838,211485,31460,30826
24-Jan,9호선,4113,당산,491120,492046,72097,66915
24-Jan,9호선,4114,국회의사당,414235,431264,60739,54098
24-Jan,9호선,4115,여의도,782931,746669,54716,50761
24-Jan,9호선,4116,샛강,156872,158785,29568,29304
24-Jan,9호선,4117,노량진,667799,658248,90213,89837
24-Jan,9호선,4118,노들,103107,83330,32520,30234
24-Jan,9호선,4119,흑석(중앙대입구),190437,198583,59041,58969
24-Jan,9호선,4120,동작(현충원),39383,32607,11865,10834
24-Jan,9호선,4121,구반포,23218,23715,10056,10000
24-Jan,9호선,4122,신반포,87520,86552,27653,27664
24-Jan,9호선,4123,고속터미널,362164,507320,67354,79288
24-Jan,9호선,4124,사평,89599,86780,23890,23987
24-Jan,9호선,4125,신논현,880428,872393,56189,54784
24-Jan,공항철도 1호선,4201,서울역,339662,315864,34908,31199
24-Jan,공항철도 1호선,4202,공덕,75363,104993,8660,10713
24-Jan,공항철도 1호선,4203,홍대입구,415901,409457,20330,18638
24-Jan,공항철도 1호선,4204,디지털미디어시티,376407,352012,30235,28782
24-Jan,공항철도 1호선,4206,마곡나루(서울식물원),294842,280399,17365,17442
24-Jan,공항철도 1호선,4207,김포공항,291796,156945,23775,14473
24-Jan,공항철도 1호선,4208,계양,346353,327279,35907,34092
24-Jan,공항철도 1호선,4209,검암,174451,177275,16567,16831
24-Jan,공항철도 1호선,4210,청라국제도시,200923,189496,14341,14018
24-Jan,공항철도 1호선,4211,운서,236001,250510,29479,30038
24-Jan,공항철도 1호선,4212,공항화물청사,50828,55282,10064,9735
24-Jan,공항철도 1호선,4213,인천공항1터미널,372023,363875,33033,30559
24-Jan,공항철도 1호선,4215,인천공항2터미널,187698,163269,17572,15462
24-Jan,공항철도 1호선,4217,영종,97294,97702,20296,20176
24-Jan,9호선2~3단계,4126,언주,303913,309218,32767,32407
24-Jan,9호선2~3단계,4127,선정릉,250001,269115,28517,28896
24-Jan,9호선2~3단계,4128,삼성중앙,192127,201547,28344,27782
24-Jan,9호선2~3단계,4129,봉은사,529251,549723,55026,52657
24-Jan,9호선2~3단계,4130,종합운동장,122965,123806,21059,19823
24-Jan,9호선2~3단계,4131,삼전,187197,176733,41443,40664
24-Jan,9호선2~3단계,4132,석촌고분,166363,163585,42640,42289
24-Jan,9호선2~3단계,4133,석촌,231362,207751,42455,38001
24-Jan,9호선2~3단계,4134,송파나루,138002,147865,30704,32180
24-Jan,9호선2~3단계,4135,한성백제,69924,62928,17778,16000
24-Jan,9호선2~3단계,4136,올림픽공원(한국체대),189522,189794,29432,29181
24-Jan,9호선2~3단계,4137,둔촌오륜,21914,21544,7048,7424
24-Jan,9호선2~3단계,4138,중앙보훈병원,256497,216615,84209,81879
24-Jan,우이신설선,4701,북한산우이,49068,41100,33116,34292
24-Jan,우이신설선,4702,솔밭공원,47169,41739,29017,29927
24-Jan,우이신설선,4703,4.19민주묘지,49600,45946,34881,31632
24-Jan,우이신설선,4704,가오리,73714,71314,51352,52950
24-Jan,우이신설선,4705,화계,58504,52597,44998,45629
24-Jan,우이신설선,4706,삼양,31606,31678,27283,30279
24-Jan,우이신설선,4707,삼양사거리,37328,38041,36910,36640
24-Jan,우이신설선,4708,솔샘,132603,119834,41307,43223
24-Jan,우이신설선,4709,북한산보국문,134970,127440,45957,46226
24-Jan,우이신설선,4710,정릉,90769,82311,47637,45251
24-Jan,우이신설선,4711,성신여대입구(돈암),71436,84552,30807,30321
24-Jan,우이신설선,4712,보문,29639,29929,16095,15764
24-Jan,우이신설선,4713,신설동,34264,34406,31978,28064
24-Jan,신림선,4401,샛강,64109,76031,14201,13488
24-Jan,신림선,4402,대방,64950,50943,18318,15588
24-Jan,신림선,4403,서울지방병무청,60606,66052,24087,26206
24-Jan,신림선,4404,보라매,88063,82537,24267,22115
24-Jan,신림선,4405,보라매공원,43266,46970,15947,17135
24-Jan,신림선,4406,보라매병원,160588,169555,55717,54868
24-Jan,신림선,4407,당곡,98738,97626,36831,36933
24-Jan,신림선,4408,신림,35297,51238,15855,19430
24-Jan,신림선,4409,서원,77411,67942,24808,23974
24-Jan,신림선,4410,서울대벤처타운,212275,196302,65953,66065
24-Jan,신림선,4411,관악산(서울대),49186,48999,28031,28001
